,name,color_max,peak_max,peak_max_std,std_state_max,std_state_max_std,kinetics,kinetics_std,peak_green_ratio,std_state_green_ratio,n_max,peak_red,peak_red_std,std_state_red,std_state_red_std,n_red,peak_green,peak_green_std,std_state_green,std_state_green_std,n_green,peak_cyan,peak_cyan_std,std_state_cyan,std_state_cyan_std,n_cyan,log_peak_max,log_peak_max_std,log_std_state_max,log_std_state_max_std,log_kinetics,log_kinetics_std,log_peak_green_ratio,log_std_state_green_ratio,log_n_max,log_peak_red,log_peak_red_std,log_std_state_red,log_std_state_red_std,log_n_red,log_peak_green,log_peak_green_std,log_std_state_green,log_std_state_green_std,log_n_green,log_peak_cyan,log_peak_cyan_std,log_std_state_cyan,log_std_state_cyan_std,log_n_cyan,code,sequence
0,cschrimson,VC_green,-861.627458846,419.149249055,-786.817932128,375.392426852,82.8571428571,30.9982883003,1.0,1.0,7,-704.230018615,310.103985314,-536.357078552,238.81033503,4,-861.627458846,419.149249055,-786.817932128,375.392426852,7,-760.51790619,349.27158184,-705.311805724,326.347680164,4,,6.03822705949,,5.92797195041,4.41711795448,3.43393198684,0.0,0.0,1.94591014906,,5.73690767773,,5.4756696596,1.38629436112,,6.03822705949,,5.92797195041,1.94591014906,,5.85584979105,,5.78796331663,1.38629436112,1111111111,RMLFQTSYTLENNGSVICIPNNGQCFCLAWLKSNGTNAEKLAANILQWITFALSALCLMFYGYQTWKSTCGWEEIYVATIEMIKFIIEYFHEFDEPAVIYSSNGNKTVWLRYAEWLLTCPVILIHLSNLTGLANDYNKRTMGLLVSDIGTIVWGTTAALSKGYVRVIFFLMGLCYGIYTFFNAAKVYIEAYHTVPKGRCRQVVTGMAWLFFVSWGMFPILFILGPEGFGVLSVYGSTVGHTIIDLMSKNCWGLLGHYLRVLIHEHILIHGDIRKTTKLNIGGTEIEVETLVEDE
1,cheriff,VC_cyan,-306.358955383,213.528079263,-224.491203308,152.979411863,12.8,5.44747647999,0.114396991909,0.041141819093,4,-10.1459636688,3.43086009373,-0.912933349611,1.90225572076,3,-19.7259054184,8.17170184367,-9.79738521577,6.80479446326,4,-306.358955383,213.528079263,-224.491203308,152.979411863,4,,5.36376834282,,5.03030334935,2.54944517093,1.69515247025,-2.16808049488,-3.1907301786,1.38629436112,,1.23281098593,,0.643040403435,1.09861228867,,2.10067719118,,1.91762743186,1.38629436112,,5.36376834282,,5.03030334935,1.38629436112,0000000000,EYHAPAGYQVNPPYHPVHGYE---EQCSSIYIYYGALWEQETARGFQWFAVFLSALFLAFYGWHAYKASVGWEEVYVCSVELIKVILEIYFEFTSPAMLFLYGGNITPWLRYAEWLLTCPVILIHLSNITGLSEAYNKRTMALLVSDLGTICMGVTAALATGWVKWLFYCIGLVYGTQTFYNAGIIYVESYYIMPAGGCKKLVLAMTAVYYSSWLMFPGLFIFGPEGMHTLSVAGSTIGHTIADLLSKNIWGLLGHFLRIKIHEHIIMYGDIRRPVSSQFLGRKVDVLAFVTEE
2,c1c2,VC_cyan,-452.521384103,106.258982629,-290.3230787,104.066148176,24.7714285714,12.7208169421,0.206617918386,0.295526325659,7,-9.11053752899,1.32120868258,-0.378916876657,0.988998036478,7,-88.8689237321,27.3916076402,-79.968635559,26.9707295817,7,-452.521384103,106.258982629,-290.3230787,104.066148176,7,,4.66587934662,,4.64502673711,3.20969091529,2.54323978086,-1.57688399621,-1.21899735758,1.94591014906,,0.278546986251,,-0.0110629327224,1.94591014906,,3.31023667597,,3.29475218839,1.94591014906,,4.66587934662,,4.64502673711,1.94591014906,2222222222,GFDELAKGAVVPEDHFVCGPA-DKCYCSAWLHSRGTPGEKIGAQVCQWIAFSIAIALLTFYGFSAWKATCGWEEVYVCCVEVLFVTLEIFKEFSSPATVYLSTGNHAYCLRYFEWLLSCPVILIRLSNLSGLKNDYSKRTMGLIVSCVGMIVFGMAAGLATDWLKWLLYIVSCIYGGYMYFQAAKCYVEANHSVPKGHCRMVVKLMAYAYFASWGSYPILWAVGPEGLLKLSPYANSIGHSICDIIAKEFWTFLAHHLRIKIHEHILIHGDIRKTTKMEIGGEEVEVEEFVEEE
3,c66,VC_green,-60.7075684865,50.3712993694,-48.7555974325,49.5472815492,961.125,640.945429457,1.0,1.0,12,-42.9637425741,22.6766534501,-33.1732355753,22.2371475707,6,-60.7075684865,50.3712993694,-48.7555974325,49.5472815492,12,-71.2917442321,39.9676616257,-61.7391916911,39.8906812571,6,,3.91942155592,,3.90292739649,6.86810447335,6.46294431984,0.0,0.0,2.48490664979,,3.12133591286,,3.10176420444,1.79175946923,,3.91942155592,,3.90292739649,2.48490664979,,3.68807066778,,3.68614274416,1.79175946923,2212222222,GFDELAKGAVVPEDHFVCGPA-DKCYCSAWLHSRGTPGEKIGAQVCQWITFALSALCLMFYGYQTWKSTCGWEEIYVATIEMIKFIIEYFHEFDSPATVYLSTGNHAYCLRYFEWLLSCPVILIRLSNLSGLKNDYSKRTMGLIVSCVGMIVFGMAAGLATDWLKWLLYIVSCIYGGYMYFQAAKCYVEANHSVPKGHCRMVVKLMAYAYFASWGSYPILWAVGPEGLLKLSPYANSIGHSICDIIAKEFWTFLAHHLRIKIHEHILIHGDIRKTTKMEIGGEEVEVEEFVEEE
4,c61,VC_green,-653.742626953,246.949563085,-583.567407227,218.273827163,162.58,54.2096080045,1.0,1.0,5,-426.285858154,119.301398196,-390.04212443,122.355370301,3,-653.742626953,246.949563085,-583.567407227,218.273827163,5,-445.962036133,40.1562842017,-412.184132894,49.8106816705,3,,5.50918411774,,5.38575036247,5.09117018832,3.99285816219,0.0,0.0,1.60943791243,,4.78165304904,,4.80692968186,1.09861228867,,5.50918411774,,5.38575036247,1.60943791243,,3.69277894624,,3.90822945241,1.09861228867,2222220222,GFDELAKGAVVPEDHFVCGPA-DKCYCSAWLHSRGTPGEKIGAQVCQWIAFSIAIALLTFYGFSAWKATCGWEEVYVCCVEVLFVTLEIFKEFSSPATVYLSTGNHAYCLRYFEWLLSCPVILIRLSNLSGLKNDYSKRTMGLIVSCVGMIVFGMAAGLATDWLKWLLYIVSCIYGGYMYFQAAKCYVESYYIMPAGGCKKLVLAMTAVYYSSWGSYPILWAVGPEGLLKLSPYANSIGHSICDIIAKEFWTFLAHHLRIKIHEHILIHGDIRKTTKMEIGGEEVEVEEFVEEE
5,n39,VC_cyan,-1034.60406494,524.514778304,-925.892822265,501.894297821,68.9833333333,31.1177021788,0.30004063017,0.32507385312,6,-9.62653350831,0.207038879395,-1.60596466065,0.222114562985,2,-371.870183309,85.6821401182,-353.229070028,83.118405491,3,-1034.60406494,524.514778304,-925.892822265,501.894297821,6,,6.26247360342,,6.21838953541,4.23386492953,3.43777685914,-1.2038373796,-1.1237028821,1.79175946923,,-1.57484868019,,-1.50456198074,0.69314718056,,4.45064440386,,4.42026616339,1.09861228867,,6.26247360342,,6.21838953541,1.79175946923,0001000000,EYHAPAGYQVNPPYHPVHGYE---EQCSSIYIYYGALWEQETARGFQWFAVFLSALFLAFYGWHAYKASVGWEEVYVCSVELIKVILEIYFEFTSPAMLFLYGGNITPWLRYAEWLLTCPVILIHLSNITGLANDYNKRTMALLVSDLGTICMGVTAALATGWVKWLFYCIGLVYGTQTFYNAGIIYVESYYIMPAGGCKKLVLAMTAVYYSSWLMFPGLFIFGPEGMHTLSVAGSTIGHTIADLLSKNIWGLLGHFLRIKIHEHIIMYGDIRRPVSSQFLGRKVDVLAFVTEE
6,n25,VC_cyan,-179.180046081,51.3808344044,-168.963790894,51.1877747951,1452.225,207.836514778,0.610860612289,0.564568671798,4,-8.59693400065,1.92082839641,0.0709940592433,2.1414775958,3,-88.5288696289,11.0607046995,-76.6733601888,12.4529415258,3,-179.180046081,51.3808344044,-168.963790894,51.1877747951,4,,3.93926523142,,3.93550073,7.28085214206,5.33675178401,-0.492886476296,-0.571693252131,1.38629436112,,0.652756549453,-2.64515907807,0.761496056099,1.09861228867,,2.40339871011,,2.52195686214,1.09861228867,,3.93926523142,,3.93550073,1.38629436112,1022011211,RMLFQTSYTLENNGSVICIPNNGQCFCLAWLKSNGALWEQETARGFQWFAFFLSALFLAFYGFSAWKATCGWEEVYVCCVEVLFVTLEIFKEFSEPAVIYSSNGNKTVCLRYFEWLLSCPVILIHLSNITGLKNDYSKRTMGLIVSCVGMIVFGMAAGLSKGYVRVIFFLMGLCYGIYTFFNAAKVYIESYYIMPKGRCRQVVTGMAWLFFVSWGMFPILFILGPEGFGVLSVAGSTIGHTIADLLSKNIWGLLGHYLRVLIHEHIIMYGDIRRPVSSQFLGRKVDVLAFVTEE
7,c73,VC_green,-751.340049743,251.599127001,-634.843967437,240.691056023,72.35,30.8756376452,1.0,1.0,8,-364.35791626,125.521143192,-308.254534912,113.623706847,5,-751.340049743,251.599127001,-634.843967437,240.691056023,8,-459.761769613,163.282508503,-419.033943176,167.673519296,6,,5.52783705503,,5.48351418591,4.28151545308,3.42996744721,0.0,0.0,2.07944154168,,4.83247421603,,4.73289217155,1.60943791243,,5.52783705503,,5.48351418591,2.07944154168,,5.09548188158,,5.12201875115,1.79175946923,2222222221,GFDELAKGAVVPEDHFVCGPA-DKCYCSAWLHSRGTPGEKIGAQVCQWIAFSIAIALLTFYGFSAWKATCGWEEVYVCCVEVLFVTLEIFKEFSSPATVYLSTGNHAYCLRYFEWLLSCPVILIRLSNLSGLKNDYSKRTMGLIVSCVGMIVFGMAAGLATDWLKWLLYIVSCIYGGYMYFQAAKCYVEANHSVPKGHCRMVVKLMAYAYFASWGSYPILWAVGPEGLLKLSPYANSIGHSICDIIAKEFWTFLAHHLRIKIHEHILIHGDIRKTTKLNIGGTEIEVETLVEDE
8,n83,VC_cyan,-133.840927124,34.3713404981,-124.921224975,34.2694614427,5655.88,990.10318129,0.320901336545,0.257808748185,5,-9.14464187622,1.14904868739,0.345431009927,2.13881495748,6,-41.7676132202,11.8668070566,-32.6929489136,11.5197073603,5,-133.840927124,34.3713404981,-124.921224975,34.2694614427,5,,3.53722309208,,3.53425462064,8.64045099094,6.89780916122,-1.13662156589,-1.35553725505,1.60943791243,,0.138934371676,-1.06296233755,0.760251917466,1.79175946923,,2.47374517973,,2.44405925219,1.60943791243,,3.53722309208,,3.53425462064,1.60943791243,1100212201,GFDELAKGAVVPEDHFVCGPA-DKCYCSAWLHSRGTNAEKLAANILQWITVALSALCLMFYGWHAYKASVGWEEVYVCSVELIKVILEIYFEFTSPATVYLSGGNHAYCLRYFEWLLTCPVILIHLSNLSGLSEAYNKRTMGLIVSCVGMIVFGMAAGLATGWVKWLFYCIGLVYGIYTFFNAAKVYIEANHSVPKGRCRQVVTGMAWLFFVSWGMFPILFILGPEGFGVLSVYGSTVGHTIIDLMSKNCWGLLGHYLRVLIHEHILIHGDIRKTTKMEIGGEEVEVEEFVEEE
9,n58,VC_green,-141.064875285,62.2649280754,-130.174962362,62.0740243524,54.4666666667,14.6615900305,1.0,1.0,3,-108.605293274,6.220466614,-72.0383987427,3.6827316284,2,-141.064875285,62.2649280754,-130.174962362,62.0740243524,3,-119.388753255,20.9357188736,-108.767344157,20.513559247,3,,4.13139831504,,4.12832761403,3.99758889376,2.68523115105,0.0,0.0,1.09861228867,,1.82784492227,,1.30365476715,0.69314718056,,4.13139831504,,4.12832761403,1.09861228867,,3.04145673724,,3.02108609418,1.09861228867,2220222222,GFDELAKGAVVPEDHFVCGPA-DKCYCSAWLHSRGTPGEKIGAQVCQWIAFSIAIALLTFYGFSAWKATCGWEEVYVCCVEVLFVTLEIFKEFSSPATVYLSTGNHAYCLRYFEWLLSCPVILIRLSNLSGLSEAYNKRTMGLIVSCVGMIVFGMAAGLATDWLKWLLYIVSCIYGGYMYFQAAKCYVEANHSVPKGHCRMVVKLMAYAYFASWGSYPILWAVGPEGLLKLSPYANSIGHSICDIIAKEFWTFLAHHLRIKIHEHILIHGDIRKTTKMEIGGEEVEVEEFVEEE
10,n38,VC_cyan,-260.870758057,109.436112005,-173.618419647,73.9427772523,11.725,2.19928965805,0.199869969834,0.193978552996,4,-9.81674098967,2.06566311759,-0.504770676295,0.321240846814,3,-48.0200481415,18.5400013655,-36.3102931976,21.0384962777,3,-260.870758057,109.436112005,-173.618419647,73.9427772523,4,,4.69534092697,,4.30329151369,2.46172331433,0.788134425522,-1.6100882747,-1.6400076776,1.38629436112,,0.725451297184,,-1.13556413559,1.09861228867,,2.91993063379,,3.04635391562,1.09861228867,,4.69534092697,,4.30329151369,1.38629436112,0010000000,EYHAPAGYQVNPPYHPVHGYE---EQCSSIYIYYGALWEQETARGFQWFAFFLSALFLAFYGYQTWKSTCGWEEIYVATIEMIKFIIEYFHEFDSPAMLFLYGGNITPWLRYAEWLLTCPVILIHLSNITGLSEAYNKRTMALLVSDLGTICMGVTAALATGWVKWLFYCIGLVYGTQTFYNAGIIYVESYYIMPAGGCKKLVLAMTAVYYSSWLMFPGLFIFGPEGMHTLSVAGSTIGHTIADLLSKNIWGLLGHFLRIKIHEHIIMYGDIRRPVSSQFLGRKVDVLAFVTEE
11,n48,VC_cyan,-1245.72166952,364.213011908,-1023.76640828,301.067510779,73.95,16.1400898387,0.138768965208,0.162500176343,6,-7.78784108162,0.474844252868,-0.328368961811,0.200527696165,4,-169.462417602,59.7358780942,-160.449116516,59.9218585472,5,-1245.72166952,364.213011908,-1023.76640828,301.067510779,6,,5.89773889402,,5.7073345279,4.30338918916,2.78130622904,-1.97494484951,-1.81707619203,1.79175946923,,-0.744768417414,,-1.60680290629,1.38629436112,,4.08993281299,,4.09304135587,1.60943791243,,5.89773889402,,5.7073345279,1.79175946923,0002000000,EYHAPAGYQVNPPYHPVHGYE---EQCSSIYIYYGALWEQETARGFQWFAVFLSALFLAFYGWHAYKASVGWEEVYVCSVELIKVILEIYFEFTSPAMLFLYGGNITPWLRYAEWLLTCPVILIHLSNITGLKNDYSKRTMALLVSDLGTICMGVTAALATGWVKWLFYCIGLVYGTQTFYNAGIIYVESYYIMPAGGCKKLVLAMTAVYYSSWLMFPGLFIFGPEGMHTLSVAGSTIGHTIADLLSKNIWGLLGHFLRIKIHEHIIMYGDIRRPVSSQFLGRKVDVLAFVTEE
12,n45,VC_cyan,-741.276150703,541.3841616,-463.608837605,329.452028409,15.25625,7.51631298826,0.0758898224561,0.0983591976999,16,-9.55772018432,2.08568123278,-0.382281494141,0.605512332581,5,-53.2951962948,19.8367261191,-44.2450888157,20.1590311245,8,-741.276150703,541.3841616,-463.608837605,329.452028409,16,,6.29412912223,,5.7974307543,2.72498925516,2.01707572361,-2.57847269506,-2.31912921844,2.77258872224,,0.735095532236,,-0.501680348598,1.60943791243,,2.98753507408,,3.00365238275,2.07944154168,,6.29412912223,,5.7974307543,2.77258872224,2000000000,EYHAPAGYQVNPPYHPVHGYE---EQCSSIYIYYGALWEQETARGFQWFAVFLSALFLAFYGWHAYKASVGWEEVYVCSVELIKVILEIYFEFTSPAMLFLYGGNITPWLRYAEWLLTCPVILIHLSNITGLSEAYNKRTMALLVSDLGTICMGVTAALATGWVKWLFYCIGLVYGTQTFYNAGIIYVESYYIMPAGGCKKLVLAMTAVYYSSWLMFPILWAVGPEGLLKLSVAGSTIGHTIADLLSKNIWGLLGHFLRIKIHEHIIMYGDIRRPVSSQFLGRKVDVLAFVTEE
13,n14,VC_cyan,-24.5054221153,12.5991360815,-7.09050536156,5.34645394223,2.75,3.14761814711,0.519605834342,0.490455312113,4,-18.683268547,0.62843227385,-0.32304286957,1.39476108551,2,-17.9813804627,4.52075195315,-5.1644859314,0.00256729126,2,-24.5054221153,12.5991360815,-7.09050536156,5.34645394223,4,,2.53362824665,,1.67643352661,1.01160091168,1.14664602304,-0.654684765723,-0.71242111093,1.38629436112,,-0.464527015151,,0.332723135738,0.69314718056,,1.50867834132,,-5.96490392034,0.69314718056,,2.53362824665,,1.67643352661,1.38629436112,1121111111,RMLFQTSYTLENNGSVICIPNNGQCFCLAWLKSNGTNAEKLAANILQWITFALSALCLMFYGFSAWKATCGWEEVYVCCVEVLFVTLEIFKEFSEPAVIYSSNGNKTVWLRYAEWLLSCPVILIHLSNLTGLANDYNKRTMGLLVSDIGTIVWGTTAALSKGYVRVIFFLMGLCYGIYTFFNAAKVYIEAYHTVPKGRCRQVVTGMAWLFFVSWGMFPILFILGPEGFGVLSVYGSTVGHTIIDLMSKNCWGLLGHYLRVLIHEHILIHGDIRKTTKLNIGGTEIEVETLVEDE
14,n52,VC_cyan,-30.5168247223,2.20837883626,-21.4597229004,1.96295647648,727.1,145.354821041,0.492361370065,0.260932676011,5,-8.4566321373,0.33368062973,0.165253669024,0.002442330122,2,-14.0057029724,0.4547748566,-5.14034843445,0.32000923157,2,-30.5168247223,2.20837883626,-21.4597229004,1.96295647648,5,,0.792258688091,,0.674451743108,6.58906401966,4.97917779495,-0.708542340095,-1.34349285125,1.60943791243,,-1.09757094187,-1.80027359763,-6.01480272734,0.69314718056,,-0.787952803155,,-1.13940543495,0.69314718056,,0.792258688091,,0.674451743108,1.60943791243,0000000200,EYHAPAGYQVNPPYHPVHGYE---EQCSSIYIYYGALWEQETARGFQWFAVFLSALFLAFYGWHAYKASVGWEEVYVCSVELIKVILEIYFEFTSPAMLFLYGGNITPCLRYFEWLLTCPVILIHLSNITGLSEAYNKRTMALIVSCVGMIVFGMAAGLATGWVKWLFYCIGLVYGTQTFYNAGIIYVESYYIMPAGGCKKLVLAMTAVYYSSWLMFPGLFIFGPEGMHTLSVAGSTIGHTIADLLSKNIWGLLGHFLRIKIHEHIIMYGDIRRPVSSQFLGRKVDVLAFVTEE
15,n2,VC_green,-61.1298156738,43.1751308207,-41.8337440491,31.4065678981,34.48,20.6516246334,1.0,1.0,5,-16.230802536,4.80548322951,-7.60588073729,4.38471043102,3,-61.1298156738,43.1751308207,-41.8337440491,31.4065678981,5,-59.6063054403,24.2397959058,-47.5853945414,23.5357444005,3,,3.76526465404,,3.44701703977,3.5403794458,3.02779399105,0.0,0.0,1.60943791243,,1.56975760542,,1.47812358739,1.09861228867,,3.76526465404,,3.44701703977,1.60943791243,,3.18799574144,,3.15852030386,1.09861228867,2222221222,RMLFQTSYTLENNGSVICIPNNGQCFCLAWLKSNGTPGEKIGAQVCQWIAFSIAIALLTFYGFSAWKATCGWEEVYVCCVEVLFVTLEIFKEFSEPAVIYSSTGNKTVCLRYFEWLLSCPVILIRLSNLSGLKNDYSKRTMGLIVSCVGMIVFGMAAGLATDWLKWLLYIVSCIYGGYMYFQAAKCYVEANHSVPKGHCRMVVKLMAYAYFASWGSYPILWAVGPEGLLKLSPYANSIGHSICDIIAKEFWTFLAHHLRIKIHEHILIHGDIRKTTKMEIGGEEVEVEEFVEEE
16,n5,VC_blue,-144.462982178,64.5392150881,-126.217262268,67.2948532107,47.15,21.75,0.163506457443,0.0863394691352,2,-10.1581611634,0.710208892845,-1.37911224365,0.02855682373,2,-21.3289388021,5.33010505996,-11.6058247884,4.37474485497,3,-138.218334198,99.3879402917,-76.752644539,61.498692499,4,,4.16727302492,,4.2090837584,3.85333400908,3.07961375753,-1.81090279436,-2.44946843741,0.69314718056,,-0.342196136945,,-3.55585936163,0.69314718056,,1.67337094905,,1.47584819924,1.09861228867,,4.59903078127,,4.11901591441,1.38629436112,1101111111,RMLFQTSYTLENNGSVICIPNNGQCFCLAWLKSNGTNAEKLAANILQWITVALSALCLMFYGWHAYKASVGWEEVYVCSVELIKVILEIYFEFTEPAVIYSSNGNKTVWLRYAEWLLTCPVILIHLSNLTGLANDYNKRTMGLLVSDIGTIVWGTTAALSKGYVRVIFFLMGLCYGIYTFFNAAKVYIEAYHTVPKGRCRQVVTGMAWLFFVSWGMFPILFILGPEGFGVLSVYGSTVGHTIIDLMSKNCWGLLGHYLRVLIHEHILIHGDIRKTTKLNIGGTEIEVETLVEDE
17,n6,VC_cyan,-248.352626038,88.0956979976,-138.351200867,55.139051326,14.0,2.05134102479,0.153017663268,0.186987628292,5,-9.34668731689,0.975206372687,-0.42086537679,0.443567469975,3,-34.9366307258,12.2481215553,-24.7534675598,11.0551640078,4,-248.352626038,88.0956979976,-138.351200867,55.139051326,5,,4.47842370085,,4.00985820062,2.63905732962,0.718493737716,-1.87720191806,-1.67671282318,1.60943791243,,-0.0251061660877,,-0.812905358082,1.09861228867,,2.50537258281,,2.40289764982,1.38629436112,,4.47842370085,,4.00985820062,1.60943791243,1110111111,RMLFQTSYTLENNGSVICIPNNGQCFCLAWLKSNGTNAEKLAANILQWITFALSALCLMFYGYQTWKSTCGWEEIYVATIEMIKFIIEYFHEFDEPAVIYSSNGNKTVWLRYAEWLLTCPVILIHLSNLTGLSEAYNKRTMGLLVSDIGTIVWGTTAALSKGYVRVIFFLMGLCYGIYTFFNAAKVYIEAYHTVPKGRCRQVVTGMAWLFFVSWGMFPILFILGPEGFGVLSVYGSTVGHTIIDLMSKNCWGLLGHYLRVLIHEHILIHGDIRKTTKLNIGGTEIEVETLVEDE
18,n10,VC_cyan,-1789.15689087,861.791180143,-1225.03941345,661.360381811,147.65,78.3280441477,0.384216447712,0.550571045979,4,-12.4440196355,2.51516215362,-2.83151276906,1.29379024626,3,-820.880208334,271.438833297,-807.219553628,268.610345538,3,-1789.15689087,861.791180143,-1225.03941345,661.360381811,4,,6.7590129909,,6.49429889826,4.99484460819,4.36090570168,-0.956549219278,-0.596799273964,1.38629436112,,0.922337276074,,0.257576085768,1.09861228867,,5.60373682227,,5.59326179987,1.09861228867,,6.7590129909,,6.49429889826,1.38629436112,1111111101,RMLFQTSYTLENNGSVICIPNNGQCFCLAWLKSNGTNAEKLAANILQWITFALSALCLMFYGYQTWKSTCGWEEIYVATIEMIKFIIEYFHEFDEPAVIYSSGGNKTVWLRYAEWLLTCPVILIHLSNLTGLANDYNKRTMGLLVSDIGTIVWGTTAALATGWVKWLFYCIGLVYGIYTFFNAAKVYIEAYHTVPKGRCRQVVTGMAWLFFVSWGMFPILFILGPEGFGVLSVYGSTVGHTIIDLMSKNCWGLLGHYLRVLIHEHILIHGDIRKTTKLNIGGTEIEVETLVEDE
19,n11,VC_cyan,-1230.91486358,443.236729928,-749.363174438,220.678314811,79.85,12.3122906074,0.24699935709,0.365890573206,4,-9.17008161545,0.515697010917,-0.59888601303,0.503500767001,4,-263.611251831,71.7606156186,-254.222484588,71.5242710929,4,-1230.91486358,443.236729928,-749.363174438,220.678314811,4,,6.09410400639,,5.39670605203,4.38014987466,2.51059799985,-1.39836954523,-1.0054209706,1.38629436112,,-0.662235874108,,-0.686170043486,1.38629436112,,4.27333579657,,4.27003684794,1.38629436112,,6.09410400639,,5.39670605203,1.38629436112,1111111110,RMLFQTSYTLENNGSVICIPNNGQCFCLAWLKSNGTNAEKLAANILQWITFALSALCLMFYGYQTWKSTCGWEEIYVATIEMIKFIIEYFHEFDEPAVIYSSNGNKTVWLRYAEWLLTCPVILIHLSNLTGLANDYNKRTMALLVSDIGTIVWGTTAALSKGYVRVIFFLMGLCYGTQTFYNAGIIYVEAYHTVPKGRCRQVVTGMAWLFFVSWGMFPILFILGPEGFGVLSVYGSTVGHTIIDLMSKNCWGLLGHYLRVLIHEHILIHGDIRKTTKLNIGGTEIEVETLVEDE
20,n19,VC_cyan,-304.104777018,112.735534823,-171.365712484,59.969248967,52.9333333333,5.18609251321,0.321565768094,0.486080030887,3,-15.2264598211,10.8825043589,-2.57851409912,5.41737098025,3,-90.9163792927,32.970872847,-79.446908315,29.9621289183,3,-304.104777018,112.735534823,-171.365712484,59.969248967,3,,4.7250446759,,4.09383191362,3.96903326014,1.64598052599,-1.13455318984,-0.721381996032,1.09861228867,,2.38715639499,,1.68961063878,1.09861228867,,3.49562453071,,3.39993421481,1.09861228867,,4.7250446759,,4.09383191362,1.09861228867,1111111121,RMLFQTSYTLENNGSVICIPNNGQCFCLAWLKSNGTNAEKLAANILQWITFALSALCLMFYGYQTWKSTCGWEEIYVATIEMIKFIIEYFHEFDEPAVIYSSTGNKTVWLRYAEWLLTCPVILIHLSNLTGLANDYNKRTMGLLVSDIGTIVWGTTAALATDWLKWLLYIVSCIYGIYTFFNAAKVYIEAYHTVPKGRCRQVVTGMAWLFFVSWGMFPILFILGPEGFGVLSVYGSTVGHTIIDLMSKNCWGLLGHYLRVLIHEHILIHGDIRKTTKLNIGGTEIEVETLVEDE
21,n17,VC_blue,-16.7811431885,0.0,-6.24465179443,0.0,0.3,0.0,0.876547711379,0.460238802979,1,-8.00961303711,0.0,0.127838134766,0.0,1,-14.7094726562,0.0,-2.87403106689,0.0,1,-16.0319747925,0.0,-4.67846679688,0.0,1,,-inf,,-inf,-1.20397280433,-inf,-0.131764142127,-0.776009787293,0.0,,-inf,-2.05699038745,-inf,0.0,,-inf,,-inf,0.0,,-inf,,-inf,0.0,1111121111,RMLFQTSYTLENNGSVICIPNNGQCFCLAWLKSNGTNAEKLAANILQWITFALSALCLMFYGYQTWKSTCGWEEIYVATIEMIKFIIEYFHEFDEPAVIYSSNGNKTVWLRYAEWLLTCPVILIHLSNLTGLANDYNKRTMGLLVSDIGTIVWGTTAALSKGYVRVIFFLMGLCYGIYTFFNAAKVYIEAYHTVPKGHCRMVVKLMAYAYFASWGMFPILFILGPEGFGVLSVYGSTVGHTIIDLMSKNCWGLLGHHLRIKIHEHILIHGDIRKTTKLNIGGTEIEVETLVEDE
22,n15,VC_cyan,-325.085876465,158.80549168,-215.767044067,87.055424764,31.4,7.39324015571,0.210299925773,0.267615940659,4,-13.0767072042,1.78928146405,-2.3369216919,1.33732093305,3,-60.9034805297,29.1246989959,-49.9802331924,25.4365088645,4,-325.085876465,158.80549168,-215.767044067,87.055424764,4,,5.06768013058,,4.46654498207,3.44680789291,2.00056609025,-1.55922054923,-1.31820238352,1.38629436112,,0.581814122532,,0.290668308993,1.09861228867,,3.37158657693,,3.23618549889,1.38629436112,,5.06768013058,,4.46654498207,1.38629436112,1112111111,RMLFQTSYTLENNGSVICIPNNGQCFCLAWLKSNGTNAEKLAANILQWITFALSALCLMFYGYQTWKSTCGWEEIYVATIEMIKFIIEYFHEFDEPAVIYSSNGNKTVWLRYAEWLLTCPVILIHLSNLTGLKNDYSKRTMGLLVSDIGTIVWGTTAALSKGYVRVIFFLMGLCYGIYTFFNAAKVYIEAYHTVPKGRCRQVVTGMAWLFFVSWGMFPILFILGPEGFGVLSVYGSTVGHTIIDLMSKNCWGLLGHYLRVLIHEHILIHGDIRKTTKLNIGGTEIEVETLVEDE
23,n70,VC_green,-345.707822527,123.524016802,-305.961665562,114.310825858,30.1,9.71684840147,1.0,1.0,7,-250.159339905,63.6863025953,-158.63130188,36.8733489334,4,-345.707822527,123.524016802,-305.961665562,114.310825858,7,-272.975345611,67.137317132,-253.315700531,59.856535045,4,,4.81643560519,,4.73892128073,3.40452517175,2.27386132736,0.0,0.0,1.94591014906,,4.15396950955,,3.60748903897,1.38629436112,,4.81643560519,,4.73892128073,1.94591014906,,4.20674003144,,4.09195061644,1.38629436112,2222212222,GFDELAKGAVVPEDHFVCGPA-DKCYCSAWLHSRGTPGEKIGAQVCQWIAFSIAIALLTFYGFSAWKATCGWEEVYVCCVEVLFVTLEIFKEFSSPATVYLSTGNHAYCLRYFEWLLSCPVILIRLSNLSGLKNDYSKRTMGLIVSCVGMIVFGMAAGLATDWLKWLLYIVSCIYGGYMYFQAAKCYVEANHSVPKGRCRQVVTGMAWLFFVSWGSYPILWAVGPEGLLKLSPYANSIGHSICDIIAKEFWTFLAHYLRVLIHEHILIHGDIRKTTKMEIGGEEVEVEEFVEEE
24,n72,VC_blue,-75.4005699158,19.0325050354,-63.6849937439,17.3088722229,325.95,7.15,0.562726196143,0.418930507719,2,-16.8249120713,2.26349544525,-6.71138763428,1.9038772583,2,-40.8097610474,15.3219785254,-19.5300426483,19.9108461992,4,-56.5258655548,33.4724599769,-45.3643690745,32.7845916807,3,,2.94614830877,,2.8512192153,5.78674399537,1.96711235671,-0.574962099258,-0.870050225514,0.69314718056,,0.816910275632,,0.643892469113,0.69314718056,,2.72928830254,,2.99126461839,1.38629436112,,3.51072301049,,3.48995863918,1.09861228867,2222222212,GFDELAKGAVVPEDHFVCGPA-DKCYCSAWLHSRGTPGEKIGAQVCQWIAFSIAIALLTFYGFSAWKATCGWEEVYVCCVEVLFVTLEIFKEFSSPATVYLSNGNHAYCLRYFEWLLSCPVILIRLSNLSGLKNDYSKRTMGLIVSCVGMIVFGMAAGLSKGYVRVIFFLMGLCYGGYMYFQAAKCYVEANHSVPKGHCRMVVKLMAYAYFASWGSYPILWAVGPEGLLKLSPYANSIGHSICDIIAKEFWTFLAHHLRIKIHEHILIHGDIRKTTKMEIGGEEVEVEEFVEEE
25,n73,VC_green,-213.522613526,129.185857282,-203.005401611,128.790270329,50.65,6.942802028,1.0,1.0,4,-89.6746101382,27.3823509219,-44.4416503906,9.6714782715,2,-213.522613526,129.185857282,-203.005401611,128.790270329,4,-124.792943319,29.1293498478,-111.283706665,26.5743724603,3,,4.8612521216,,4.85818526989,3.92493923069,1.93770544347,0.0,0.0,1.38629436112,,3.30989867892,,2.2691811697,0.69314718056,,4.8612521216,,4.85818526989,1.38629436112,,3.37174625173,,3.27994731004,1.09861228867,2222222221,GFDELAKGAVVPEDHFVCGPA-DKCYCSAWLHSRGTPGEKIGAQVCQWIAFSIAIALLTFYGFSAWKATCGWEEVYVCCVEVLFVTLEIFKEFSSPATVYLSTGNHAYCLRYFEWLLSCPVILIRLSNLSGLKNDYSKRTMGLIVSCVGMIVFGMAAGLATDWLKWLLYIVSCIYGIYTFFNAAKVYIEANHSVPKGHCRMVVKLMAYAYFASWGSYPILWAVGPEGLLKLSPYANSIGHSICDIIAKEFWTFLAHHLRIKIHEHILIHGDIRKTTKMEIGGEEVEVEEFVEEE
26,n65,VC_green,-463.836231995,329.421916227,-393.640753174,286.078262341,36.04,24.1006721898,1.0,1.0,5,-319.66473198,192.64373672,-220.840812683,140.449389629,4,-463.836231995,329.421916227,-393.640753174,286.078262341,5,-346.87879467,205.913378858,-319.858355522,194.357940162,4,,5.79733934931,,5.65626541793,3.58462943274,3.1822397318,0.0,0.0,1.60943791243,,5.26084255936,,4.94484720772,1.38629436112,,5.79733934931,,5.65626541793,1.60943791243,,5.32745558938,,5.26970151143,1.38629436112,1222222222,GFDELAKGAVVPEDHFVCGPA-DKCYCSAWLHSRGTPGEKIGAQVCQWIAFSIAIALLTFYGFSAWKATCGWEEVYVCCVEVLFVTLEIFKEFSSPATVYLSTGNHAYCLRYFEWLLSCPVILIRLSNLSGLKNDYSKRTMGLIVSCVGMIVFGMAAGLATDWLKWLLYIVSCIYGGYMYFQAAKCYVEANHSVPKGHCRMVVKLMAYAYFASWGSYPILFILGPEGFGVLSPYANSIGHSICDIIAKEFWTFLAHHLRIKIHEHILIHGDIRKTTKMEIGGEEVEVEEFVEEE
27,n20,VC_cyan,-652.857509613,294.062400937,-591.314144135,259.46738282,1199.175,231.322425145,0.635651048018,0.657534691893,8,-11.202394867,3.58610257412,-2.81978149414,2.8762407774,5,-407.069189453,124.310440189,-392.01729126,124.161698376,5,-652.857509613,294.062400937,-591.314144135,259.46738282,8,,5.6837919929,,5.5586310023,7.08938909934,5.44381251718,-0.453105532853,-0.419257752987,2.07944154168,,1.27706597882,,1.0564841559,1.60943791243,,4.82278198686,,4.82158473527,1.60943791243,,5.6837919929,,5.5586310023,2.07944154168,1111111112,RMLFQTSYTLENNGSVICIPNNGQCFCLAWLKSNGTNAEKLAANILQWITFALSALCLMFYGYQTWKSTCGWEEIYVATIEMIKFIIEYFHEFDEPAVIYSSNGNKTVWLRYAEWLLTCPVILIHLSNLTGLANDYNKRTMGLLVSDIGTIVWGTTAALSKGYVRVIFFLMGLCYGGYMYFQAAKCYVEAYHTVPKGRCRQVVTGMAWLFFVSWGMFPILFILGPEGFGVLSVYGSTVGHTIIDLMSKNCWGLLGHYLRVLIHEHILIHGDIRKTTKLNIGGTEIEVETLVEDE
28,n63,VC_cyan,-170.302198791,68.4662872052,-145.346028137,63.2074223088,330.24,85.9467649188,0.703694305135,0.708911823524,5,-50.2416009903,24.6887637483,-40.8212804794,24.7850232782,4,-126.765962219,54.5750291308,-111.958760071,54.507781188,5,-170.302198791,68.4662872052,-145.346028137,63.2074223088,5,,4.22634146653,,4.14642173585,5.79981966285,4.45372809201,-0.351411242788,-0.344024127569,1.60943791243,,3.20634823116,,3.21023957068,1.38629436112,,3.99957643621,,3.99834346557,1.60943791243,,4.22634146653,,4.14642173585,1.60943791243,2222222202,GFDELAKGAVVPEDHFVCGPA-DKCYCSAWLHSRGTPGEKIGAQVCQWIAFSIAIALLTFYGFSAWKATCGWEEVYVCCVEVLFVTLEIFKEFSSPATVYLSGGNHAYCLRYFEWLLSCPVILIRLSNLSGLKNDYSKRTMGLIVSCVGMIVFGMAAGLATGWVKWLFYCIGLVYGGYMYFQAAKCYVEANHSVPKGHCRMVVKLMAYAYFASWGSYPILWAVGPEGLLKLSPYANSIGHSICDIIAKEFWTFLAHHLRIKIHEHILIHGDIRKTTKMEIGGEEVEVEEFVEEE
29,n64,VC_green,-62.9350328445,19.7563328246,-51.9692802429,18.3547250019,56.05,14.3983506,1.0,1.0,4,-28.34658432,5.72299512571,-12.8853120804,3.35621114711,4,-62.9350328445,19.7563328246,-51.9692802429,18.3547250019,4,-39.5353206635,12.0405984202,-29.920211792,11.5729237697,5,,2.9834740893,,2.90988703465,4.02624414952,2.66711365835,0.0,0.0,1.38629436112,,1.74449229172,,1.21081270293,1.38629436112,,2.9834740893,,2.90988703465,1.38629436112,,2.48828414132,,2.44866821194,1.60943791243,2222222220,GFDELAKGAVVPEDHFVCGPA-DKCYCSAWLHSRGTPGEKIGAQVCQWIAFSIAIALLTFYGFSAWKATCGWEEVYVCCVEVLFVTLEIFKEFSSPATVYLSTGNHAYCLRYFEWLLSCPVILIRLSNLSGLKNDYSKRTMALIVSCVGMIVFGMAAGLATDWLKWLLYIVSCIYGTQTFYNAGIIYVEANHSVPKGHCRMVVKLMAYAYFASWGSYPILWAVGPEGLLKLSPYANSIGHSICDIIAKEFWTFLAHHLRIKIHEHILIHGDIRKTTKMEIGGEEVEVEEFVEEE
30,n57,VC_cyan,-38.473153201,17.9817801297,-28.3337161324,18.3095516118,2207.85454545,1773.53029518,0.841519381617,0.801655319227,11,-14.1268577576,2.99934645321,-5.30034770966,2.66613597109,5,-25.6675459147,11.7282911382,-16.2114616632,11.3637590214,8,-38.473153201,17.9817801297,-28.3337161324,18.3095516118,11,,2.88935903024,,2.90742286968,7.69977652907,7.48072735621,-0.172546233392,-0.221076540021,2.3978952728,,1.09839441601,,0.980630222365,1.60943791243,,2.46200396903,,2.43042925833,2.07944154168,,2.88935903024,,2.90742286968,2.3978952728,2202222222,GFDELAKGAVVPEDHFVCGPA-DKCYCSAWLHSRGTPGEKIGAQVCQWIAVSIAIALLTFYGWHAYKASVGWEEVYVCSVELIKVILEIYFEFTSPATVYLSTGNHAYCLRYFEWLLTCPVILIRLSNLSGLKNDYSKRTMGLIVSCVGMIVFGMAAGLATDWLKWLLYIVSCIYGGYMYFQAAKCYVEANHSVPKGHCRMVVKLMAYAYFASWGSYPILWAVGPEGLLKLSPYANSIGHSICDIIAKEFWTFLAHHLRIKIHEHILIHGDIRKTTKMEIGGEEVEVEEFVEEE
31,c67,VC_cyan,-50.4019039699,23.8051521941,-37.8966418675,23.5102174441,74.4857142857,49.0937711665,0.884191952356,0.8393154813,7,-16.3956771851,4.76163555143,-6.09978637695,3.98195121022,5,-33.5797858919,22.4130659632,-21.0880835397,22.3907925489,7,-50.4019039699,23.8051521941,-37.8966418675,23.5102174441,7,,3.16990203599,,3.15743511151,4.31060735244,3.8937321666,-0.123081099242,-0.175168622573,1.94591014906,,1.56059121247,,1.38177195299,1.60943791243,,3.10964409074,,3.10864982743,1.94591014906,,3.16990203599,,3.15743511151,1.94591014906,2221222222,GFDELAKGAVVPEDHFVCGPA-DKCYCSAWLHSRGTPGEKIGAQVCQWIAFSIAIALLTFYGFSAWKATCGWEEVYVCCVEVLFVTLEIFKEFSEPAVIYSSNGNKTVWLRYAEWLLSCPVILIRLSNLSGLKNDYSKRTMGLIVSCVGMIVFGMAAGLATDWLKWLLYIVSCIYGGYMYFQAAKCYVEANHSVPKGHCRMVVKLMAYAYFASWGSYPILWAVGPEGLLKLSPYANSIGHSICDIIAKEFWTFLAHHLRIKIHEHILIHGDIRKTTKMEIGGEEVEVEEFVEEE
32,n60,VC_green,-291.296533203,139.145949947,-271.124139405,132.354454511,50.02,5.86767415592,1.0,1.0,5,-170.536938477,73.1910226402,-152.063568115,67.5863857477,5,-291.296533203,139.145949947,-271.124139405,132.354454511,5,-165.247138977,59.7707666242,-151.194740296,54.040557313,4,,4.93552338189,,4.88548358516,3.91242292545,1.76945832975,0.0,0.0,1.60943791243,,4.29307277192,,4.2134065685,1.60943791243,,4.93552338189,,4.88548358516,1.60943791243,,4.09051668899,,3.98973482601,1.38629436112,2222202222,GFDELAKGAVVPEDHFVCGPA-DKCYCSAWLHSRGTPGEKIGAQVCQWIAFSIAIALLTFYGFSAWKATCGWEEVYVCCVEVLFVTLEIFKEFSSPATVYLSTGNHAYCLRYFEWLLSCPVILIRLSNLSGLKNDYSKRTMGLIVSCVGMIVFGMAAGLATDWLKWLLYIVSCIYGGYMYFQAAKCYVEANHSVPAGGCKKLVLAMTAVYYSSWLSYPILWAVGPEGLLKLSPYANSIGHSICDIIAKEFWTFLAHFLRIKIHEHILIHGDIRKTTKMEIGGEEVEVEEFVEEE
33,n18,VC_cyan,-135.725049973,57.2119828281,-125.05365181,56.4879272027,5125.875,931.070505856,0.407837209952,0.245938678187,4,-12.0602073669,2.99807991476,-1.33607991537,3.95932271266,3,-37.8279304504,26.5687241547,-28.1333122253,25.7574437971,4,-135.725049973,57.2119828281,-125.05365181,56.4879272027,4,,4.04676336645,,4.03402693749,8.54205652114,6.83633500573,-0.896887179413,-1.40267304979,1.38629436112,,1.09797205535,,1.37607297848,1.09861228867,,3.27973474035,,3.24872366483,1.38629436112,,4.04676336645,,4.03402693749,1.38629436112,1111111211,RMLFQTSYTLENNGSVICIPNNGQCFCLAWLKSNGTNAEKLAANILQWITFALSALCLMFYGYQTWKSTCGWEEIYVATIEMIKFIIEYFHEFDEPAVIYSSNGNKTVCLRYFEWLLTCPVILIHLSNLTGLANDYNKRTMGLIVSCVGMIVFGMAAGLSKGYVRVIFFLMGLCYGIYTFFNAAKVYIEAYHTVPKGRCRQVVTGMAWLFFVSWGMFPILFILGPEGFGVLSVYGSTVGHTIIDLMSKNCWGLLGHYLRVLIHEHILIHGDIRKTTKLNIGGTEIEVETLVEDE
34,n43,VC_cyan,-92.8698323567,44.1684620324,-49.2719701131,30.2599029916,8.4,6.0415229868,0.178082574614,0.052613551811,3,-9.39421526592,1.48018887105,-0.0355733235677,0.191052234871,3,-14.0707486471,3.53376353543,-2.3244527181,1.32723856317,3,-92.8698323567,44.1684620324,-49.2719701131,30.2599029916,3,,3.78801100572,,3.40982350253,2.12823170585,1.79865613029,-1.72550793393,-2.94478155343,1.09861228867,,0.392169695208,,-1.65520840732,1.09861228867,,1.26236346035,,0.283100515507,1.09861228867,,3.78801100572,,3.40982350253,1.09861228867,0000000010,EYHAPAGYQVNPPYHPVHGYE---EQCSSIYIYYGALWEQETARGFQWFAVFLSALFLAFYGWHAYKASVGWEEVYVCSVELIKVILEIYFEFTSPAMLFLYNGNITPWLRYAEWLLTCPVILIHLSNITGLSEAYNKRTMALLVSDLGTICMGVTAALSKGYVRVIFFLMGLCYGTQTFYNAGIIYVESYYIMPAGGCKKLVLAMTAVYYSSWLMFPGLFIFGPEGMHTLSVAGSTIGHTIADLLSKNIWGLLGHFLRIKIHEHIIMYGDIRRPVSSQFLGRKVDVLAFVTEE
35,n36,VC_cyan,-469.001032511,338.075218878,-378.412394206,272.082519859,9.16666666667,1.15854314647,0.0754173379409,0.0399776780384,3,-8.54066403706,1.95850330177,0.182439168293,1.70223865593,3,-25.6766637166,7.74113936371,-13.0819714864,7.86426209012,3,-469.001032511,338.075218878,-378.412394206,272.082519859,3,,5.82326841178,,5.60610540212,2.215573716,0.147163307589,-2.58471808424,-3.21943402968,1.09861228867,,0.672180559989,-1.70133848595,0.531944241197,1.09861228867,,2.04654888138,,2.06232871013,1.09861228867,,5.82326841178,,5.60610540212,1.09861228867,1000000000,EYHAPAGYQVNPPYHPVHGYE---EQCSSIYIYYGALWEQETARGFQWFAVFLSALFLAFYGWHAYKASVGWEEVYVCSVELIKVILEIYFEFTSPAMLFLYGGNITPWLRYAEWLLTCPVILIHLSNITGLSEAYNKRTMALLVSDLGTICMGVTAALATGWVKWLFYCIGLVYGTQTFYNAGIIYVESYYIMPAGGCKKLVLAMTAVYYSSWLMFPILFILGPEGFGVLSVAGSTIGHTIADLLSKNIWGLLGHFLRIKIHEHIIMYGDIRRPVSSQFLGRKVDVLAFVTEE
36,n1,VC_cyan,-155.045400238,133.365691481,-121.164771271,118.550776061,19.72,14.6074501539,0.131446854378,0.0245192213959,5,-8.14638853073,0.23766756058,-0.255088806152,0.0705032348635,2,-10.579931736,1.77729514015,-1.63697433472,1.15042626682,4,-155.045400238,133.365691481,-121.164771271,118.550776061,5,,4.8930949151,,4.77534135877,2.98163334917,2.68153168308,-2.02915265827,-3.70829792226,1.60943791243,,-1.43688238604,,-2.65209668563,0.69314718056,,0.57509262438,,0.140132540495,1.38629436112,,4.8930949151,,4.77534135877,1.60943791243,0000001000,RMLFQTSYTLENNGSVICIPNNGQCFCLAWLKSNGALWEQETARGFQWFAVFLSALFLAFYGWHAYKASVGWEEVYVCSVELIKVILEIYFEFTEPAVIYSSGGNKTVWLRYAEWLLTCPVILIHLSNITGLSEAYNKRTMALLVSDLGTICMGVTAALATGWVKWLFYCIGLVYGTQTFYNAGIIYVESYYIMPAGGCKKLVLAMTAVYYSSWLMFPGLFIFGPEGMHTLSVAGSTIGHTIADLLSKNIWGLLGHFLRIKIHEHIIMYGDIRRPVSSQFLGRKVDVLAFVTEE
37,n4,VC_cyan,-960.423461915,298.884598337,-705.219213866,243.220186595,52.12,11.4244299639,0.449090742314,0.544579173009,5,-9.49705648423,1.04254822674,-0.642627716064,0.472061766031,4,-392.096658325,162.542409641,-359.321923828,151.699883996,5,-960.423461915,298.884598337,-705.219213866,243.220186595,5,,5.70005754015,,5.49396715074,3.95354875226,2.43575404178,-0.800530312964,-0.607741942204,1.60943791243,,0.0416679342827,,-0.750645441723,1.38629436112,,5.09093895013,,5.02190412166,1.60943791243,,5.70005754015,,5.49396715074,1.60943791243,1011111111,RMLFQTSYTLENNGSVICIPNNGQCFCLAWLKSNGALWEQETARGFQWFAFFLSALFLAFYGYQTWKSTCGWEEIYVATIEMIKFIIEYFHEFDEPAVIYSSNGNKTVWLRYAEWLLTCPVILIHLSNLTGLANDYNKRTMGLLVSDIGTIVWGTTAALSKGYVRVIFFLMGLCYGIYTFFNAAKVYIEAYHTVPKGRCRQVVTGMAWLFFVSWGMFPILFILGPEGFGVLSVAGSTIGHTIADLLSKNIWGLLGHYLRVLIHEHILIHGDIRKTTKLNIGGTEIEVETLVEDE
38,n13,VC_cyan,-14.8926385244,2.31943743582,-4.39190800985,1.29848945604,0.233333333333,0.188561808316,0.733869958432,0.360724478209,3,-9.55519453686,0.858310615935,-0.935281753541,0.642650374411,3,-10.2363999685,0.477986004917,-1.92341248194,0.823744000472,3,-14.8926385244,2.31943743582,-4.39190800985,1.29848945604,3,,0.841324671714,,0.26120163198,-1.45528723261,-1.66832943026,-0.309423434413,-1.01964083031,1.09861228867,,-0.152789221775,,-0.442154443821,1.09861228867,,-0.738173825336,,-0.193895476382,1.09861228867,,0.841324671714,,0.26120163198,1.09861228867,1211111111,RMLFQTSYTLENNGSVICIPNNGQCFCLAWLKSNGTPGEKIGAQVCQWIAFSIAIALLTFYGYQTWKSTCGWEEIYVATIEMIKFIIEYFHEFDEPAVIYSSNGNKTVWLRYAEWLLTCPVILIRLSNLTGLANDYNKRTMGLLVSDIGTIVWGTTAALSKGYVRVIFFLMGLCYGIYTFFNAAKVYIEAYHTVPKGRCRQVVTGMAWLFFVSWGSYPILFILGPEGFGVLSPYANSIGHSICDIIAKEFWTFLAHYLRVLIHEHILIHGDIRKTTKLNIGGTEIEVETLVEDE
39,n41,VC_cyan,-1028.38706462,482.108064905,-903.303649902,347.054796611,174.083333333,40.1155587716,0.271316939399,0.288435947516,6,-10.1510097504,2.03166568873,-0.135973358154,0.428801528534,5,-245.616625977,57.9038769663,-235.976831055,57.2900177711,5,-1028.38706462,482.108064905,-903.303649902,347.054796611,6,,6.17816828997,,5.84948268279,5.15953411177,3.69176425835,-1.30446762338,-1.24328223669,1.79175946923,,0.708855992918,,-0.846761104554,1.60943791243,,4.05878434203,,4.04812639862,1.60943791243,,6.17816828997,,5.84948268279,1.79175946923,0000010000,EYHAPAGYQVNPPYHPVHGYE---EQCSSIYIYYGALWEQETARGFQWFAVFLSALFLAFYGWHAYKASVGWEEVYVCSVELIKVILEIYFEFTSPAMLFLYGGNITPWLRYAEWLLTCPVILIHLSNITGLSEAYNKRTMALLVSDLGTICMGVTAALATGWVKWLFYCIGLVYGTQTFYNAGIIYVESYYIMPKGRCRQVVTGMAWLFFVSWGMFPGLFIFGPEGMHTLSVAGSTIGHTIADLLSKNIWGLLGHYLRVLIHEHIIMYGDIRRPVSSQFLGRKVDVLAFVTEE
40,n40,VC_cyan,-1181.39525147,388.866545665,-727.251129151,201.109109938,68.32,10.8593554137,0.149689349811,0.211569651882,5,-9.39900970459,1.38023239381,-0.496544647217,1.03893937696,5,-158.748141479,42.180493467,-143.061080933,39.8266995252,5,-1181.39525147,388.866545665,-727.251129151,201.109109938,5,,5.96323621449,,5.30384759629,4.22420254948,2.38502695857,-1.89919313363,-1.55320101139,1.60943791243,,0.322251886303,,0.0382003629268,1.60943791243,,3.74195787406,,3.68453752972,1.60943791243,,5.96323621449,,5.30384759629,1.60943791243,0000100000,EYHAPAGYQVNPPYHPVHGYE---EQCSSIYIYYGALWEQETARGFQWFAVFLSALFLAFYGWHAYKASVGWEEVYVCSVELIKVILEIYFEFTSPAMLFLYGGNITPWLRYAEWLLTCPVILIHLSNLTGLSEAYNKRTMALLVSDLGTICMGVTAALATGWVKWLFYCIGLVYGTQTFYNAGIIYVEAYHTVPAGGCKKLVLAMTAVYYSSWLMFPGLFIFGPEGMHTLSVAGSTIGHTIADLLSKNIWGLLGHFLRIKIHEHILIHGDIRKTTKLNIGGTEIEVETLVEDE
41,n42,VC_blue,-455.271063232,156.317980007,-205.349098968,117.028988159,33.66,29.4863765153,0.106153359357,0.172899142565,5,-10.2241096497,2.28819810321,-1.8624792695,2.33787252811,4,-46.6268688202,25.9814993511,-37.2071422577,26.3107699147,5,-610.769036865,120.833009474,-202.572070312,104.139229305,5,,5.05189226604,,4.76242166615,3.51631018876,3.38392834364,-2.24287044407,-1.75504684544,1.60943791243,,0.82776465334,,0.849241339797,1.38629436112,,3.25738472132,,3.26997835782,1.60943791243,,4.79440950541,,4.64572874714,1.60943791243,0000000100,EYHAPAGYQVNPPYHPVHGYE---EQCSSIYIYYGALWEQETARGFQWFAVFLSALFLAFYGWHAYKASVGWEEVYVCSVELIKVILEIYFEFTSPAMLFLYGGNITPWLRYAEWLLTCPVILIHLSNITGLSEAYNKRTMALLVSDIGTIVWGTTAALATGWVKWLFYCIGLVYGTQTFYNAGIIYVESYYIMPAGGCKKLVLAMTAVYYSSWLMFPGLFIFGPEGMHTLSVAGSTIGHTIADLLSKNIWGLLGHFLRIKIHEHIIMYGDIRRPVSSQFLGRKVDVLAFVTEE
42,n21,VC_cyan,-53.2494099935,11.5950643003,-40.8278249105,10.5521564133,571.3,86.7873646717,0.746353967694,0.559992752365,3,-15.9314250946,6.76097663756,-2.09634240468,2.87722617269,3,-38.8252995809,13.3868939237,-22.4787877401,8.38851736195,3,-53.2494099935,11.5950643003,-40.8278249105,10.5521564133,3,,2.45057951621,,2.3563302384,6.34791446573,4.46346104277,-0.292555303787,-0.579831437542,1.09861228867,,1.91116735263,,1.05682669555,1.09861228867,,2.59427616294,,2.12686378996,1.09861228867,,2.45057951621,,2.3563302384,1.09861228867,2212111212,RMLFQTSYTLENNGSVICIPNNGQCFCLAWLKSNGTPGEKIGAQVCQWIAFSIAIALLTFYGYQTWKSTCGWEEIYVATIEMIKFIIEYFHEFDEPAVIYSSNGNKTVCLRYFEWLLTCPVILIRLSNLTGLKNDYSKRTMGLIVSCVGMIVFGMAAGLSKGYVRVIFFLMGLCYGGYMYFQAAKCYVEAYHTVPKGRCRQVVTGMAWLFFVSWGSYPILWAVGPEGLLKLSPYANSIGHSICDIIAKEFWTFLAHYLRVLIHEHILIHGDIRKTTKLNIGGTEIEVETLVEDE
43,n59,VC_green,-345.691088104,228.052407793,-284.675849533,192.296526296,18.83,6.65478023679,1.0,1.0,10,-241.424341474,120.206309969,-143.750302996,85.299181206,7,-345.691088104,228.052407793,-284.675849533,192.296526296,10,-232.628605236,170.093712327,-201.537015915,147.421765073,11,,5.42957546128,,5.25903858845,2.93545134267,1.89533542903,0.0,0.0,2.30258509299,,4.78920951631,,4.44616485546,1.94591014906,,5.42957546128,,5.25903858845,2.30258509299,,5.13634953415,,4.99329762878,2.3978952728,2222022222,GFDELAKGAVVPEDHFVCGPA-DKCYCSAWLHSRGTPGEKIGAQVCQWIAFSIAIALLTFYGFSAWKATCGWEEVYVCCVEVLFVTLEIFKEFSSPATVYLSTGNHAYCLRYFEWLLSCPVILIRLSNITGLKNDYSKRTMGLIVSCVGMIVFGMAAGLATDWLKWLLYIVSCIYGGYMYFQAAKCYVESYYIMPKGHCRMVVKLMAYAYFASWGSYPILWAVGPEGLLKLSPYANSIGHSICDIIAKEFWTFLAHHLRIKIHEHIIMYGDIRRPVSSQFLGRKVDVLAFVTEE
44,n51,VC_cyan,-650.35628891,270.791712202,-527.189971924,231.687619741,16.575,7.45666648041,0.0606873755084,0.0525681046435,4,-9.53552246095,1.26623147582,-1.23755025864,1.20976111114,4,-37.7601933479,17.3355596686,-29.3589510918,17.4347870044,4,-650.35628891,270.791712202,-527.189971924,231.687619741,4,,5.6013499357,,5.44538999773,2.80789553607,2.00910846186,-2.80201958429,-2.94564571876,1.38629436112,,0.236045147309,,0.190422911307,1.38629436112,,2.85275986408,,2.8584674635,1.38629436112,,5.6013499357,,5.44538999773,1.38629436112,0000002000,GFDELAKGAVVPEDHFVCGPA-DKCYCSAWLHSRGALWEQETARGFQWFAVFLSALFLAFYGWHAYKASVGWEEVYVCSVELIKVILEIYFEFTSPATVYLSGGNHAYWLRYAEWLLTCPVILIHLSNITGLSEAYNKRTMALLVSDLGTICMGVTAALATGWVKWLFYCIGLVYGTQTFYNAGIIYVESYYIMPAGGCKKLVLAMTAVYYSSWLMFPGLFIFGPEGMHTLSVAGSTIGHTIADLLSKNIWGLLGHFLRIKIHEHIIMYGDIRRPVSSQFLGRKVDVLAFVTEE
45,c96,VC_green,-120.087033081,49.8610947872,-100.765472412,44.8375339374,1778.8,1258.40520183,1.0,1.0,5,-11.4030507406,5.85896395624,0.240992228191,2.39593895198,6,-120.087033081,49.8610947872,-100.765472412,44.8375339374,5,-86.1082175119,47.1400076594,-26.7103958129,54.6657945029,7,,3.90924103508,,3.80304559976,7.48369425864,7.13760048542,0.0,0.0,1.60943791243,,1.76797278868,-1.42299059418,0.873775200788,1.79175946923,,3.90924103508,,3.80304559976,1.60943791243,,3.85312205999,,4.00123818481,1.94591014906,2102121200,GFDELAKGAVVPEDHFVCGPA-DKCYCSAWLHSRGTNAEKLAANILQWIAVFLSALFLAFYGWHAYKASVGWEEVYVCSVELIKVILEIYFEFTSPATVYLSTGNHAYCLRYFEWLLTCPVILIHLSNLTGLANDYNKRTMGLLVSCVGMIVFGMAAGLATDWLKWLLYIVSCIYGGYMYFQAAKCYVEAYHTVPKGRCRQVVTGMAWLFFVSWGSYPILWAVGPEGLLKLSVAGSTIGHTIADLLSKNIWGLLGHFLRIKIHEHIIMYGDIRRPVSSQFLGRKVDVLAFVTEE
46,n69,VC_green,-277.581808908,97.5766885241,-236.233446394,101.490465663,30.3571428571,16.2930184122,1.0,1.0,7,-206.003631592,70.4014511589,-130.080340068,82.9435872686,3,-277.581808908,97.5766885241,-236.233446394,101.490465663,7,-196.257979393,96.4137374402,-170.025379181,94.5539696503,4,,4.5806386178,,4.61996485972,3.41303183931,2.79073669779,0.0,0.0,1.94591014906,,4.254213876,,4.41816070525,1.09861228867,,4.5806386178,,4.61996485972,1.94591014906,,4.56864869603,,4.54917077889,1.38629436112,2222122222,GFDELAKGAVVPEDHFVCGPA-DKCYCSAWLHSRGTPGEKIGAQVCQWIAFSIAIALLTFYGFSAWKATCGWEEVYVCCVEVLFVTLEIFKEFSSPATVYLSTGNHAYCLRYFEWLLSCPVILIRLSNLTGLKNDYSKRTMGLIVSCVGMIVFGMAAGLATDWLKWLLYIVSCIYGGYMYFQAAKCYVEAYHTVPKGHCRMVVKLMAYAYFASWGSYPILWAVGPEGLLKLSPYANSIGHSICDIIAKEFWTFLAHHLRIKIHEHILIHGDIRKTTKLNIGGTEIEVETLVEDE
47,n68,VC_green,-268.241167936,231.63741324,-221.522061435,189.29378721,22.1363636364,8.24293336217,1.0,1.0,11,-183.913766861,182.829890578,-79.26050663,84.1856928174,4,-268.241167936,231.63741324,-221.522061435,189.29378721,11,-224.370744069,208.250296933,-183.233951569,168.882029502,6,,5.44517327514,,5.24330023787,3.09722166973,2.10935627113,0.0,0.0,2.3978952728,,5.20855616085,,4.43302498778,1.38629436112,,5.44517327514,,5.24330023787,2.3978952728,,5.33874070689,,5.12920042089,1.79175946923,2221222222,GFDELAKGAVVPEDHFVCGPA-DKCYCSAWLHSRGTPGEKIGAQVCQWIAFSIAIALLTFYGFSAWKATCGWEEVYVCCVEVLFVTLEIFKEFSSPATVYLSTGNHAYCLRYFEWLLSCPVILIRLSNLSGLANDYNKRTMGLIVSCVGMIVFGMAAGLATDWLKWLLYIVSCIYGGYMYFQAAKCYVEANHSVPKGHCRMVVKLMAYAYFASWGSYPILWAVGPEGLLKLSPYANSIGHSICDIIAKEFWTFLAHHLRIKIHEHILIHGDIRKTTKMEIGGEEVEVEEFVEEE
48,c2,VC_green,-455.200504303,283.689017847,-345.185913086,192.518454285,21.55,5.04801941359,1.0,1.0,4,-129.378440857,50.2240524291,-66.8626937866,44.7584762573,2,-455.200504303,283.689017847,-345.185913086,192.518454285,4,-228.917345683,146.493480083,-187.408256531,108.90710601,3,,5.64787863062,,5.26019201555,3.07037581655,1.61899597103,0.0,0.0,1.38629436112,,3.916494044,,3.80128084036,0.69314718056,,5.64787863062,,5.26019201555,1.38629436112,,4.98698092291,,4.69049528043,1.09861228867,1222222222,RMLFQTSYTLENNGSVICIPNNGQCFCLAWLKSNGTPGEKIGAQVCQWIAFSIAIALLTFYGFSAWKATCGWEEVYVCCVEVLFVTLEIFKEFSSPATVYLSTGNHAYCLRYFEWLLSCPVILIRLSNLSGLKNDYSKRTMGLIVSCVGMIVFGMAAGLATDWLKWLLYIVSCIYGGYMYFQAAKCYVEANHSVPKGHCRMVVKLMAYAYFASWGSYPILWAVGPEGLLKLSPYANSIGHSICDIIAKEFWTFLAHHLRIKIHEHILIHGDIRKTTKMEIGGEEVEVEEFVEEE
49,c70,VC_green,-585.317823137,211.471817435,-506.155726841,190.680559096,27.9285714286,11.489089767,1.0,1.0,7,-559.474090576,82.0331009087,-352.862197876,111.638183758,3,-585.317823137,211.471817435,-506.155726841,190.680559096,7,-502.224899292,257.730983516,-453.064071655,225.811011687,8,,5.35409173871,,5.25059956245,3.32965023037,2.44139786914,0.0,0.0,1.94591014906,,4.40712283543,,4.7152631398,1.09861228867,,5.35409173871,,5.25059956245,1.94591014906,,5.55191634138,,5.41969841796,2.07944154168,2222221222,GFDELAKGAVVPEDHFVCGPA-DKCYCSAWLHSRGTPGEKIGAQVCQWIAFSIAIALLTFYGFSAWKATCGWEEVYVCCVEVLFVTLEIFKEFSSPATVYLSTGNHAYCLRYFEWLLSCPVILIRLSNLSGLKNDYSKRTMGLIVSCVGMIVFGMAAGLATDWLKWLLYIVSCIYGGYMYFQAAKCYVEAYHTVPKGRCRQVVTGMAWLFFVSWGSYPILWAVGPEGLLKLSPYANSIGHSICDIIAKEFWTFLAHHLRIKIHEHILIHGDIRKTTKMEIGGEEVEVEEFVEEE
50,c58,VC_cyan,-68.7491622501,39.7134516862,-60.1916599273,38.9263394817,83.2888888889,25.9134647302,0.947393137941,0.913008989046,9,-20.8277999878,9.15654295388,-11.672820282,9.41015276779,5,-64.8181023598,31.2285781837,-55.5300936699,31.6255963871,8,-68.7491622501,39.7134516862,-60.1916599273,38.9263394817,9,,3.68168996371,,3.66167112899,4.42231515359,3.25476270737,-0.0540411315618,-0.0910095528212,2.19722457734,,2.21446870067,,2.24178918809,1.60943791243,,3.441333643,,3.45396680496,2.07944154168,,3.68168996371,,3.66167112899,2.19722457734,2220222222,GFDELAKGAVVPEDHFVCGPA-DKCYCSAWLHSRGTPGEKIGAQVCQWIAFSIAIALLTFYGFSAWKATCGWEEVYVCCVEVLFVTLEIFKEFSSPAMLFLYGGNITPWLRYAEWLLSCPVILIRLSNLSGLKNDYSKRTMGLIVSCVGMIVFGMAAGLATDWLKWLLYIVSCIYGGYMYFQAAKCYVEANHSVPKGHCRMVVKLMAYAYFASWGSYPILWAVGPEGLLKLSPYANSIGHSICDIIAKEFWTFLAHHLRIKIHEHILIHGDIRKTTKMEIGGEEVEVEEFVEEE
51,c64,VC_green,-938.856254577,530.594873532,-797.533943176,415.290014296,57.3,14.415963374,1.0,1.0,8,-486.501940917,430.0944646,-323.874493408,264.674209447,5,-938.856254577,530.594873532,-797.533943176,415.290014296,8,-492.104685466,341.797111572,-435.043385824,312.061244237,6,,6.27399878001,,6.02897710579,4.04830062372,2.66833616021,0.0,0.0,2.07944154168,,6.06400486968,,5.57849967134,1.60943791243,,6.27399878001,,6.02897710579,2.07944154168,,5.83421732001,,5.74319946418,1.79175946923,2222222220,GFDELAKGAVVPEDHFVCGPA-DKCYCSAWLHSRGTPGEKIGAQVCQWIAFSIAIALLTFYGFSAWKATCGWEEVYVCCVEVLFVTLEIFKEFSSPATVYLSTGNHAYCLRYFEWLLSCPVILIRLSNLSGLKNDYSKRTMGLIVSCVGMIVFGMAAGLATDWLKWLLYIVSCIYGGYMYFQAAKCYVEANHSVPKGHCRMVVKLMAYAYFASWGSYPILWAVGPEGLLKLSPYANSIGHSICDIIAKEFWTFLAHHLRIKIHEHIIMYGDIRRPVSSQFLGRKVDVLAFVTEE
52,c49,VC_cyan,-199.994497446,46.1499103036,-87.645111084,21.0105674344,113.4,22.5679486815,0.15952181192,0.231544496281,13,-10.5303606306,3.94035637376,-1.11632210868,2.65138082335,7,-29.9925101144,5.86127559041,-19.6932242257,6.56793518158,7,-199.994497446,46.1499103036,-87.645111084,21.0105674344,13,,3.83189501736,,3.04502552232,4.73092139129,3.11653069975,-1.83557461426,-1.46298321537,2.56494935746,,1.37127116941,,0.975080569706,1.94591014906,,1.76836725744,,1.88219950328,1.94591014906,,3.83189501736,,3.04502552232,2.56494935746,0000200000,EYHAPAGYQVNPPYHPVHGYE---EQCSSIYIYYGALWEQETARGFQWFAVFLSALFLAFYGWHAYKASVGWEEVYVCSVELIKVILEIYFEFTSPAMLFLYGGNITPWLRYAEWLLSCPVILIRLSNLSGLKNDYSKRTMGLIVSDLGTICMGVTAALATGWVKWLFYCIGLVYGTQTFYNAGIIYVESYYIMPAGGCKKLVLAMTAVYYSSWLMFPGLFIFGPEGMHTLSVAGSTIGHTIADLLSKNIWGLLGHFLRIKIHEHIIMYGDIRRPVSSQFLGRKVDVLAFVTEE
53,c52,VC_cyan,-1119.38640301,459.682922903,-854.74903048,296.300272825,128.238461538,46.3208631921,0.279140732942,0.329724218823,13,-10.8778964451,3.09247470895,0.352654593331,3.16420274326,7,-285.681810651,136.378235261,-266.540019444,132.608051291,7,-1119.38640301,459.682922903,-854.74903048,296.300272825,13,,6.13053695377,,5.69137337535,4.85389151149,3.8355924685,-1.27603920519,-1.10949867445,2.56494935746,,1.12897164706,-1.04226619023,1.151901126,1.94591014906,,4.91543216714,,4.88739779454,1.94591014906,,6.13053695377,,5.69137337535,2.56494935746,0000000200,EYHAPAGYQVNPPYHPVHGYE---EQCSSIYIYYGALWEQETARGFQWFAVFLSALFLAFYGWHAYKASVGWEEVYVCSVELIKVILEIYFEFTSPAMLFLYGGNITPWLRYAEWLLTCPVILIHLSNITGLSEAYNKRTMALLVSDLGTICMGVTAALATGWVKWLFYCIGLVYGTQTFYNAGIIYVESYYIMPAGGCKKLVLAMTAVYYSSWGSYPILWAVGPEGLLKLSVAGSTIGHTIADLLSKNIWGLLGHFLRIKIHEHIIMYGDIRRPVSSQFLGRKVDVLAFVTEE
